Standard_Form_ID,Standard_Form,Fabric,Standard_Typo_chronological_Lower_Date,Standard_Typo_chronological_Upper_Date
1,Consp,ITS,,
2,Consp,ITS Arezzo,,
3,Consp,ITS Arezzo?,,
4,Consp,ITS Arezzo-Pisa-Lyon,,
5,Consp,ITS Arezzo-Po Valley,,
6,Consp,ITS Central Italy,,
7,Consp,ITS Central Italy?,,
8,Consp,ITS Etruria?,,
9,Consp,ITS Etruria-Lyon,,
10,Consp,ITS Lyon,,
11,Consp,ITS Pisa,,
12,Consp,ITS Pisa?,,
13,Consp,ITS Pisa-Lyon,,
14,Consp,ITS Po Valley,,
15,Consp,ITS Puteoli,,
16,Consp,ITS Puteoli?,,
17,Consp,ITS Torrita di Siena,,
18,Consp,ITS Vasanello,,
19,Consp1.1-2,ITS,-40,-10
20,Consp10.1,ITS,-27,-1
21,Consp11,ITS,-10,-1
22,Consp11.1,ITS,-10,-1
23,Consp11.1.4,ITS,-10,-1
24,Consp12,ITS,-10,14
25,Consp12.1,ITS,-10,-1
26,Consp12.1,ITS Arezzo,-10,-1
27,Consp12.1.1,ITS,-10,-1
28,Consp12.1-2,ITS,-10,14
29,Consp12.1-3,ITS,-10,14
30,Consp12.2,ITS,-10,14
31,Consp12.2.1,ITS,-10,14
32,Consp12.3,ITS,-10,14
33,Consp12.3,ITS Arezzo,-10,14
34,Consp12.3.1,ITS,-10,14
35,Consp12.3.2,ITS,-10,14
36,Consp12.3-4,ITS,-10,14
37,Consp12.4,ITS,1,14
38,Consp12.5,ITS,1,14
39,Consp12.5.2,ITS,1,14
40,Consp13,ITS,-10,-1
41,Consp13.1,ITS,-10,-1
42,Consp13.2,ITS,-10,-1
43,Consp13.3,ITS,-10,-1
44,Consp13-17,ITS,-27,37
45,Consp14,ITS,-10,14
46,Consp14.1,ITS,-10,-1
47,Consp14.1,ITS Arezzo?,-10,-1
48,Consp14.1.2,ITS,-10,-1
49,Consp14.2,ITS,-10,14
50,Consp14.2,ITS Arezzo,-10,-1
51,Consp14.2,ITS Pisa,-10,14
52,Consp14.2.2,ITS,-10,14
53,Consp14.2.3,ITS,-10,14
54,Consp14.3.1,ITS,1,14
55,Consp14.4,ITS,-10,14
56,Consp15,ITS,-10,14
57,Consp15.1,ITS,-10,14
58,Consp17,ITS,-20,37
59,Consp18,ITS,-10,37
60,Consp18,ITS Arezzo,-10,37
61,Consp18.1,ITS,-10,37
62,Consp18.1.1,ITS,-10,37
63,Consp18.1.2,ITS,-10,37
64,Consp18.2,ITS,-10,37
65,Consp18.2,ITS Arezzo,-10,37
66,Consp18.2,ITS Pisa?,-10,37
67,Consp18.2,ITS Puteoli,-10,37
68,Consp18.2.1,ITS,-10,37
69,Consp18.2.1,ITS Arezzo,-10,37
70,Consp18.2.2,ITS,-10,37
71,Consp18.2.3,ITS,-10,37
72,Consp18.2.4,ITS,-10,37
73,Consp18.2-3,ITS,-10,37
74,Consp18.3,ITS,-10,37
75,Consp19,ITS,1,37
76,Consp19.2,ITS,1,37
77,Consp19.2,ITS Arezzo,1,37
78,Consp19.2,ITS Pisa?,1,37
79,Consp19.2,ITS Puteoli,1,37
80,Consp19.2.1,ITS,1,37
81,Consp19.3,ITS,1,37
82,Consp19.3.2,ITS,1,37
83,Consp2.1-3,ITS,-40,-10
84,Consp2/11,ITS,-40,-1
85,Consp20,ITS,-27,96
86,Consp20.1,ITS,-27,45
87,Consp20.1.2,ITS,-27,45
88,Consp20.2,ITS,1,50
89,Consp20.2-4,ITS,1,96
90,Consp20.3,ITS,1,30
91,Consp20.3.1,ITS,1,30
92,Consp20.3.1,ITS Arezzo,1,30
93,Consp20.3.2,ITS,1,30
94,Consp20.3-4,ITS,1,96
95,Consp20.4,ITS,25,96
96,Consp20.4,ITS Arezzo,25,96
97,Consp20.4,ITS Central Italy?,25,96
98,Consp20.4,ITS Pisa,25,96
99,Consp20.4.1,ITS,25,96
100,Consp20.4.1,ITS Arezzo?,25,96
101,Consp20.4.2,ITS,25,96
102,Consp20.4.3,ITS,25,96
103,Consp20.4.4,ITS,25,96
104,Consp20.4.4,ITS Arezzo,25,96
105,Consp20.5,ITS,1,50
106,Consp20.5,ITS Arezzo,1,50
107,Consp20.5,ITS Arezzo?,1,50
108,Consp20.5.1,ITS,1,50
109,Consp20.5.1,ITS Arezzo?,1,50
110,Consp20.5.2,ITS,1,50
111,Consp20.5.2,ITS Arezzo,1,50
112,Consp21,ITS,-27,100
113,Consp21.1.2,ITS,-27,37
114,Consp21.2,ITS,1,37
115,Consp21.2.1,ITS,1,37
116,Consp21.3,ITS,30,60
117,Consp21.3,ITS Arezzo,30,60
118,Consp21.3.1,ITS,30,60
119,Consp21.3.2,ITS,30,60
120,Consp21.4,ITS,30,60
121,Consp21.4,ITS Arezzo,30,60
122,Consp21.4.1,ITS,30,60
123,Consp21.6,ITS,50,75
124,Consp21.6-7,ITS,50,100
125,Consp21.7,ITS,60,100
126,Consp22,ITS,-20,37
127,Consp22,ITS Arezzo,-20,37
128,Consp22,ITS Central Italy?,-20,37
129,Consp22.1,ITS,-20,14
130,Consp22.1,ITS Arezzo,-20,14
131,Consp22.1,ITS Arezzo?,-20,14
132,Consp22.1,ITS Puteoli,-20,14
133,Consp22.1.1,ITS,-20,14
134,Consp22.1.2,ITS,-20,14
135,Consp22.1.4,ITS,-20,14
136,Consp22.1-2,ITS,-20,14
137,Consp22.1-3,ITS,-20,14
138,Consp22.2.1,ITS,-20,14
139,Consp22.2-5,ITS,-20,37
140,Consp22.3.1,ITS,-10,14
141,Consp22.4,ITS,1,14
142,Consp22.5,ITS,10,37
143,Consp22.5,ITS Arezzo,10,37
144,Consp22.5,ITS Puteoli,10,37
145,Consp22.5.1,ITS,10,37
146,Consp22.5-23,ITS Arezzo,10,75
147,Consp22.6,ITS,10,37
148,Consp22-23,ITS,-20,75
149,Consp22-23,ITS Arezzo,-20,75
150,Consp22-23,ITS Arezzo?,-20,75
151,Consp22-23,ITS Pisa,-20,75
152,Consp23,ITS,25,75
153,Consp23,ITS Pisa?,25,75
154,Consp23.1,ITS,25,75
155,Consp23.1.2,ITS,25,75
156,Consp23.2,ITS,25,75
157,Consp23.2,ITS Arezzo,25,75
158,Consp23.2,ITS Puteoli?,25,75
159,Consp23.2.1,ITS,25,75
160,Consp23.2.1,ITS Arezzo,25,75
161,Consp23.2.2,ITS,25,75
162,Consp23/34,ITS,25,96
163,Consp24.1.3,ITS,-10,75
164,Consp24.2,ITS,-10,75
165,Consp24.2.1,ITS,-10,75
166,Consp24.3,ITS Padana,-10,75
167,Consp24.4,ITS,-10,75
168,Consp24.4.1,ITS,-10,75
169,Consp25,ITS,-27,37
170,Consp25.1,ITS,-27,37
171,Consp25.1,ITS Arezzo,-27,37
172,Consp25.2,ITS,-27,37
173,Consp26,ITS,1,50
174,Consp26,ITS Arezzo?,1,50
175,Consp26.1,ITS,1,50
176,Consp26.1.2,ITS,1,50
177,Consp26.1.3,ITS,1,50
178,Consp26.1/28.1,ITS,1,50
179,Consp26.1-2,ITS,1,50
180,Consp26.2,ITS,1,50
181,Consp26.2.1,ITS,1,50
182,Consp26.3,ITS Central Italy,1,50
183,Consp26.4,ITS,1,50
184,Consp26.4.1,ITS,1,50
185,Consp26/27,ITS,1,68
186,Consp26/27,ITS Arezzo,1,68
187,Consp26/27,ITS Central Italy,1,68
188,Consp26/28,ITS,1,50
189,Consp26-27,ITS,1,68
190,Consp26-27,ITS Campania?,1,68
191,Consp27,ITS,14,68
192,Consp27,ITS Central Italy,14,68
193,Consp27.1,ITS,14,68
194,Consp27.1.1,ITS,14,68
195,Consp27.1.1,ITS Arezzo,14,68
196,Consp27.1.1,ITS Pisa,14,68
197,Consp27.2,ITS,14,68
198,Consp27.2.1,ITS Arezzo,14,68
199,Consp28,ITS,1,50
200,Consp28,ITS Arezzo?,1,50
201,Consp28,ITS Central Italy,1,50
202,Consp28.1.1,ITS,1,50
203,Consp29,ITS,14,96
204,Consp29,ITS Arezzo,14,96
205,Consp29.1,ITS,14,96
206,Consp29.1.1,ITS,14,96
207,Consp29.1.2,ITS,14,96
208,Consp29.1.2,ITS Pisa,14,96
209,Consp3,ITS,50,125
210,Consp3,ITS Pisa,50,125
211,Consp3.1,ITS,50,100
212,Consp3.1,ITS Arezzo,50,100
213,Consp3.1.2,ITS,50,100
214,Consp3.1.2,ITS Pisa,50,100
215,Consp3.2,ITS,50,100
216,Consp3.2,ITS Arezzo,50,100
217,Consp3.2,ITS Central Italy,50,100
218,Consp3.2,ITS Central Italy?,50,100
219,Consp3.2,ITS Pisa,50,100
220,Consp3.2.1,ITS,50,100
221,Consp3.2.2,ITS,50,100
222,Consp3.2.2,ITS Pisa,50,100
223,Consp3.3,ITS,50,125
224,Consp30.1.1,ITS,-27,14
225,Consp31,ITS,1,25
226,Consp31.1,ITS,1,25
227,Consp31.1,ITS Arezzo-Pisa-Lyon,1,25
228,Consp31.1,ITS Central Italy,1,25
229,Consp31.2,ITS,1,25
230,Consp32,ITS,14,75
231,Consp32.1,ITS,14,75
232,Consp32.1,ITS Arezzo,14,75
233,Consp32.1-2,ITS,14,75
234,Consp32.2,ITS,14,75
235,Consp32.3,ITS,14,75
236,Consp32.3.1,ITS,14,75
237,Consp32.4,ITS,14,75
238,Consp32.4.1,ITS,14,75
239,Consp32.5,ITS,14,75
240,Consp33,ITS,,
241,Consp33.1,ITS,-10,37
242,Consp33.1,ITS Central Italy,-10,37
243,Consp33.1-2,ITS,-10,37
244,Consp33.2,ITS,-10,37
245,Consp33.2.1,ITS,-10,37
246,Consp33.3,ITS,75,125
247,Consp33.3,ITS Central Italy,75,125
248,Consp33.3.1,ITS,75,125
249,Consp33.4,ITS,,
250,Consp33.4.1,ITS,,
251,Consp33.4-5/34,ITS,,
252,Consp33-34,ITS,-10,125
253,Consp34,ITS,25,96
254,Consp34.1,ITS,25,96
255,Consp34.1.1,ITS,25,96
256,Consp34.1.1,ITS Arezzo,25,96
257,Consp34.1.2,ITS,25,96
258,Consp34.2,ITS,25,96
259,Consp34.2.2,ITS,25,96
260,Consp36.2-4,ITS,-10,37
261,Consp36.3,ITS,14,37
262,Consp36.3.1,ITS,14,37
263,Consp36.3.2,ITS,14,37
264,Consp36.4,ITS,14,37
265,Consp36.4.2,ITS,14,37
266,Consp37,ITS,14,75
267,Consp37,ITS Puteoli,14,75
268,Consp37.1,ITS,14,75
269,Consp37.1,ITS Central Italy,14,75
270,Consp37.1.1,ITS,14,75
271,Consp37.1.2,ITS,14,75
272,Consp37.1-3,ITS,14,75
273,Consp37.3,ITS,14,75
274,Consp37.3,ITS Central Italy?,14,75
275,Consp37.3,ITS Puteoli,14,75
276,Consp37.3.1,ITS,14,75
277,Consp37.3-5,ITS,14,75
278,Consp37.4,ITS Central Italy?,14,75
279,Consp37.4.1,ITS,14,75
280,Consp38,ITS,-27,25
281,Consp4,ITS,-40,54
282,Consp4.3,ITS,-10,14
283,Consp4.3-4,ITS,-10,14
284,Consp4.4,ITS,-10,14
285,Consp4.4.2,ITS,-10,14
286,Consp4.5,ITS,1,14
287,Consp4.5.1,ITS,1,14
288,Consp4.6,ITS,14,54
289,Consp4.6.1,ITS,14,54
290,Consp4.6.1,ITS Pisa?,14,54
291,Consp4.6-7,ITS,14,54
292,Consp4.7.1,ITS,14,54
293,Consp4.7.1,ITS Arezzo,14,54
294,Consp43.1,ITS,50,150
295,Consp43.3,ITS,50,150
296,Consp47,ITS,50,150
297,Consp5.3,ITS,-27,-10
298,Consp50.1-3,ITS,-27,37
299,Consp50.3.1,ITS,-27,37
300,Consp50.4,ITS,-27,37
301,Consp6.1,ITS,1,37
302,Consp6.1.1,ITS,1,37
303,Consp6.2,ITS,25,50
304,Consp7,ITS,-10,14
305,Consp7.1.2,ITS,-10,14
306,Consp8.1,ITS,1,10
307,Consp8.2.1,ITS,-10,10
308,Consp9.1.2,ITS,-10,-1
309,ConspB,ITS,,
310,ConspB,ITS Arezzo,,
311,ConspB,ITS Central Italy,,
312,ConspB,ITS Etruria?,,
313,ConspB,ITS Pisa,,
314,ConspB,ITS Puteoli,,
315,ConspB1.10,ITS,-27,37
316,ConspB1.11,ITS,14,96
317,ConspB1.11,ITS Pisa,14,96
318,ConspB1.11-12,ITS,14,96
319,ConspB1.12,ITS,14,96
320,ConspB1.12,ITS Arezzo,14,96
321,ConspB1.2,ITS,-27,-1
322,ConspB1.2,ITS Arezzo,-27,-1
323,ConspB1.2,ITS Arezzo?,-27,-1
324,ConspB1.2,ITS Pisa,-27,-1
325,ConspB1.4,ITS,-27,-1
326,ConspB1.4-5,ITS,-27,-1
327,ConspB1.5,ITS,-27,-1
328,ConspB1.6-10,ITS,-27,37
329,ConspB1.6-7,ITS,-27,37
330,ConspB1.7,ITS,-27,37
331,ConspB1.7-9,ITS Arezzo,-27,37
332,ConspB1.9,ITS,-27,37
333,ConspB1.9,ITS Arezzo,-27,37
334,ConspB1.9-10,ITS,-27,37
335,ConspB2.3,ITS,-27,14
336,ConspB2.3,ITS Po Valley,-27,14
337,ConspB2.3/4,ITS,-27,14
338,ConspB2.3/4,ITS Pisa-Lyon,-27,14
339,ConspB2.4,ITS,-27,14
340,ConspB2.4,ITS Arezzo,-27,14
341,ConspB2.4,ITS Arezzo?,-27,14
342,ConspB2.4,ITS Etruria?,-27,14
343,ConspB2.4,ITS Puteoli,-27,14
344,ConspB2.5,ITS,1,37
345,ConspB2.5,ITS Arezzo,1,37
346,ConspB2.5,ITS Pisa,1,37
347,ConspB2.6,ITS,14,54
348,ConspB2.6,ITS Central Italy,14,54
349,ConspB2.6,ITS Pisa,14,54
350,ConspB2.7,ITS,14,96
351,ConspB2.7,ITS Arezzo,14,96
352,ConspB2.7,ITS Arezzo?,14,96
353,ConspB2.7,ITS Pisa,14,96
354,ConspB2.7,ITS Pisa-Lyon,14,96
355,ConspB2.7-8,ITS,14,96
356,ConspB2.9,ITS,41,117
357,ConspB3,ITS Arezzo?,,
358,ConspB3.1,ITS Central Italy,,
359,ConspB3.10,ITS,,
360,ConspB3.10,ITS Arezzo,,
361,ConspB3.11,ITS Arezzo,,
362,ConspB3.12,ITS,,
363,ConspB3.12-19,ITS,,
364,ConspB3.12-19,ITS Central Italy,,
365,ConspB3.12-19,ITS Pisa,,
366,ConspB3.12-19,ITS Pisa-Lyon,,
367,ConspB3.13,ITS,,
368,ConspB3.13,ITS Arezzo,,
369,ConspB3.14,ITS,,
370,ConspB3.14,ITS Arezzo,,
371,ConspB3.15,ITS Puteoli,,
372,ConspB3.16,ITS,,
373,ConspB3.16,ITS Arezzo,,
374,ConspB3.16-17,ITS Campania?,,
375,ConspB3.17,ITS Arezzo,,
376,ConspB3.18,ITS Arezzo,,
377,ConspB3.18,ITS Pisa,,
378,ConspB3.19,ITS,,
379,ConspB3.19,ITS Arezzo,,
380,ConspB3.19,ITS Arezzo?,,
381,ConspB3.19,ITS Central Italy,,
382,ConspB3.19,ITS Central Italy?,,
383,ConspB3.19,ITS Pisa,,
384,ConspB3.19,ITS Pisa?,,
385,ConspB3.20,ITS Pisa,,
386,ConspB3.4,ITS,,
387,ConspB3.4,ITS Arezzo,,
388,ConspB3.5,ITS,,
389,ConspB3.7,ITS,,
390,ConspB3.7,ITS Arezzo?,,
391,ConspB3.7-11,ITS,,
392,ConspB3.7-11,ITS Arezzo?,,
393,ConspB3.8,ITS,,
394,ConspB3.8,ITS Arezzo,,
395,ConspB3.8,ITS Pisa?,,
396,ConspB3.8-9,ITS Arezzo,,
397,ConspB3.9,ITS,,
398,ConspB3.9,ITS Etruria?,,
399,ConspB4,ITS,,
400,ConspB4.1,ITS,,
401,ConspB4.1,ITS Pisa,,
402,ConspB4.1/2,ITS,,
403,ConspB4.10-13,ITS,,
404,ConspB4.11,ITS,,
405,ConspB4.11,ITS Arezzo,,
406,ConspB4.11,ITS Arezzo?,,
407,ConspB4.11,ITS Pisa?,,
408,ConspB4.11,ITS Puteoli,,
409,ConspB4.1-10,ITS,,
410,ConspB4.1-10,ITS Arezzo,,
411,ConspB4.1-10,ITS Arezzo?,,
412,ConspB4.1-10,ITS Central Italy,,
413,ConspB4.1-10,ITS Pisa,,
414,ConspB4.11-13,ITS,,
415,ConspB4.11-13,ITS Arezzo-Pisa-Lyon,,
416,ConspB4.11-13,ITS Pisa,,
417,ConspB4.11-13,ITS Puteoli,,
418,ConspB4.1-13,ITS Arezzo,,
419,ConspB4.1-13,ITS Arezzo?,,
420,ConspB4.1-13,ITS Puteoli,,
421,ConspB4.12,ITS,,
422,ConspB4.12,ITS Arezzo,,
423,ConspB4.1-2,ITS Puteoli?,,
424,ConspB4.12-13,ITS,,
425,ConspB4.12-13,ITS Central Italy,,
426,ConspB4.13,ITS,,
427,ConspB4.13,ITS Arezzo,,
428,ConspB4.13,ITS Arezzo?,,
429,ConspB4.13,ITS Arezzo-Pisa-Lyon,,
430,ConspB4.13,ITS Central Italy,,
431,ConspB4.13,ITS Pisa,,
432,ConspB4.13,ITS Pisa?,,
433,ConspB4.13,ITS Pisa-Lyon,,
434,ConspB4.1-3,ITS Puteoli,,
435,ConspB4.14,ITS,,
436,ConspB4.15,ITS,,
437,ConspB4.15,ITS Arezzo?,,
438,ConspB4.15,ITS Po Valley,,
439,ConspB4.15-17,ITS,,
440,ConspB4.16,ITS,,
441,ConspB4.17,ITS,,
442,ConspB4.17,ITS Arezzo,,
443,ConspB4.2,ITS,,
444,ConspB4.2,ITS Arezzo,,
445,ConspB4.2,ITS Central Italy,,
446,ConspB4.2,ITS Lyon,,
447,ConspB4.2,ITS Puteoli,,
448,ConspB4.3,ITS,,
449,ConspB4.3/11,ITS,,
450,ConspB4.4,ITS,,
451,ConspB4.5,ITS,,
452,ConspB4.5-6,ITS Arezzo,,
453,ConspB4.6,ITS,,
454,ConspB4.7,ITS,,
455,ConspB4.7,ITS Arezzo,,
456,ConspB4.8,ITS,,
457,ConspB4.8,ITS Arezzo?,,
458,ConspB4.8,ITS Central Italy,,
459,ConspB4.8,ITS Puteoli,,
460,ConspB4.9,ITS,,
461,ConspB4.9,ITS Arezzo,,
462,ConspB4.9,ITS Arezzo?,,
463,ConspB4.9,ITS Po Valley,,
464,ConspR,ITS,,
465,ConspR,ITS Arezzo,,
466,ConspR,ITS Arezzo?,,
467,ConspR,ITS Etruria,,
468,ConspR,ITS Pisa,,
469,ConspR,ITS Puteoli,,
470,ConspR,ITS Puteoli?,,
471,ConspR1.2,ITS,-10,-1
472,ConspR1.2,ITS Arezzo,-10,-1
473,ConspR10.2,ITS,14,37
474,ConspR11,ITS,-10,14
475,ConspR11.1,ITS Arezzo,-10,14
476,ConspR12,ITS,1,37
477,ConspR12.1,ITS,1,37
478,ConspR13,ITS,-10,15
479,ConspR2,ITS,-10,14
480,ConspR2.1.1,ITS,-10,14
481,ConspR3,ITS,-10,14
482,ConspR3.1,ITS,-10,14
483,ConspR3.1.1,ITS Arezzo,-10,14
484,ConspR3.2.1,ITS,-10,14
485,ConspR3.3,ITS,-10,14
486,ConspR3.3.1,ITS,-10,14
487,ConspR3-4,ITS,-10,37
488,ConspR4,ITS,14,37
489,ConspR4.1,ITS Arezzo,14,37
490,ConspR4.1/R9.3,ITS Puteoli,14,54
491,ConspR4.2.1,ITS,14,37
492,ConspR5,ITS,-10,14
493,ConspR5,ITS Arezzo-Pisa,-10,14
494,ConspR5.1.1,ITS,-10,14
495,ConspR5.2.1,ITS,-10,14
496,ConspR6,ITS,1,25
497,ConspR6,ITS Pisa?,1,25
498,ConspR6/R10,ITS,1,37
499,ConspR7,ITS,1,
500,ConspR7.2,ITS Pisa?,1,
501,ConspR9,ITS,14,54
502,ConspR9.2.1,ITS,14,
503,ConspR9.2.1,ITS Arezzo,14,
504,ConspR9.3,ITS,25,54
505,EAA,ESA,,
506,EAA,ESBI,,
507,EAA,ESBII,,
508,EAA,ESBI-II,,
509,EAA,ESD,,
510,EAA1,ESA,-150,-100
511,EAA1,ESBI,-27,14
512,EAA10,ESA,-50,-25
513,EAA101,ESA,-100,-1
514,EAA102,ESA,-100,-1
515,EAA102/105,ESA,-100,-1
516,EAA104A,ESA,-50,50
517,EAA104A-B,ESA,-50,50
518,EAA104B,ESA,-50,50
519,EAA105,ESA,-100,-75
520,EAA106,ESA,1,25
521,EAA107,ESA,1,25
522,EAA108,ESA,1,100
523,EAA109,ESA,50,100
524,EAA11,ESA,-50,-1
525,EAA11,ESBI,,
526,EAA110,ESA,,
527,EAA111,ESA,25,100
528,EAA114,ESA,25,75
529,EAA116A,ESA,70,120
530,EAA116A-B,ESA,70,120
531,EAA117,ESA,70,120
532,EAA12,ESA,-40,10
533,EAA12,ESBI,,
534,EAA12/13,ESBI,,
535,EAA12/32,ESA,-40,30
536,EAA1-3,ESBI,-27,14
537,EAA13-14,ESBI,,
538,EAA13A,ESA,-50,25
539,EAA13A,ESBI,25,75
540,EAA13A-B,ESBI,25,75
541,EAA13B,ESA,-50,25
542,EAA13B,ESBI,25,75
543,EAA14,ESA,1,25
544,EAA14,ESBI,,
545,EAA15,ESBI,,
546,EAA15A,ESA,-100,-50
547,EAA15A-B,ESA,-100,-50
548,EAA15B,ESA,-100,-50
549,EAA16,ESA,-175,-125
550,EAA16,ESBI,-27,14
551,EAA17A,ESA,-150,-100
552,EAA17A,ESBI,25,50
553,EAA17A-B,ESA,-150,-100
554,EAA17A-B,ESBI,25,50
555,EAA17B,ESA,-150,-100
556,EAA17B,ESBI,25,50
557,EAA18,ESA,-125,-75
558,EAA18,ESBI,25,75
559,EAA19,ESBI,25,75
560,EAA19A,ESA,-100,-50
561,EAA19A-B,ESA,-100,-50
562,EAA19B,ESA,-100,-50
563,EAA2,ESBI,-27,14
564,EAA20,ESA,-150,-100
565,EAA20,ESBI,,
566,EAA21,ESA,,
567,EAA21,ESBI,-27,14
568,EAA22,ESBI,-27,14
569,EAA22A,ESA,-125,10
570,EAA22A-B,ESA,-125,10
571,EAA22B,ESA,-125,10
572,EAA23,ESA,-100,-50
573,EAA23,ESBI,,
574,EAA23/24,ESBI,,
575,EAA24,ESA,-100,100
576,EAA24,ESBI,,
577,EAA24-25,ESA,-100,100
578,EAA25,ESA,-100,100
579,EAA25,ESBI,,
580,EAA26,ESBI,,
581,EAA26-27,ESA,-10,30
582,EAA26A,ESA,-10,30
583,EAA26A-D,ESA,-10,30
584,EAA26B,ESA,-10,30
585,EAA26C,ESA,-10,30
586,EAA26D,ESA,-10,30
587,EAA27,ESA,-10,30
588,EAA27,ESBI,,
589,EAA28,ESA,-10,30
590,EAA28,ESBI,,
591,EAA28-30,ESA,-30,50
592,EAA29,ESA,-30,25
593,EAA29,ESBI,,
594,EAA2A,ESA,-150,-100
595,EAA2A-B,ESA,-200,-50
596,EAA2B,ESA,-200,-50
597,EAA3,ESA,-125,-1
598,EAA3,ESBI,-27,14
599,EAA30,ESA,10,50
600,EAA30,ESBI,1,25
601,EAA30/33,ESA,1,50
602,EAA30/33-34,ESA,1,50
603,EAA30-31,ESBI,1,50
604,EAA30-32,ESBI,25,75
605,EAA31,ESA,1,25
606,EAA31,ESBI,25,50
607,EAA32,ESA,1,30
608,EAA32,ESBI,25,75
609,EAA33,ESA,1,50
610,EAA33,ESBI,,
611,EAA33/36,ESA,1,100
612,EAA34,ESA,25,50
613,EAA34,ESBI,,
614,EAA3-4,ESA,-125,20
615,EAA34/37,ESA,25,100
616,EAA35,ESA,40,70
617,EAA35,ESBI,25,75
618,EAA35-37,ESA,40,100
619,EAA36,ESA,60,100
620,EAA36,ESBI,25,75
621,EAA36-37,ESA,60,100
622,EAA37,ESBI,25,75
623,EAA37A,ESA,60,100
624,EAA37A-B,ESA,60,100
625,EAA37B,ESA,60,100
626,EAA38,ESA,25,75
627,EAA38,ESBI,1,25
628,EAA38-39,ESA,25,100
629,EAA39,ESA,60,100
630,EAA39,ESBI,1,75
631,EAA4,ESBI,1,25
632,EAA40,ESBI,1,25
633,EAA40A,ESA,80,120
634,EAA40A-B,ESA,80,120
635,EAA40A-C,ESA,80,120
636,EAA40C,ESA,80,120
637,EAA41,ESA,60,100
638,EAA41,ESBI,,
639,EAA42,ESA,-10,30
640,EAA43,ESA,1,14
641,EAA44,ESA,1,50
642,EAA45,ESA,1,60
643,EAA46,ESA,1,25
644,EAA46-47,ESA,1,70
645,EAA47,ESA,10,70
646,EAA48,ESA,40,70
647,EAA49,ESA,40,70
648,EAA4A,ESA,-125,20
649,EAA4A-B,ESA,-125,20
650,EAA4B,ESA,-27,14
651,EAA5,ESBI,25,50
652,EAA50,ESA,60,100
653,EAA50-51,ESA,60,120
654,EAA51,ESA,70,120
655,EAA51,ESBII,,
656,EAA52,ESA,115,140
657,EAA53,ESA,75,125
658,EAA53,ESBII,,
659,EAA53-54,ESA,75,150
660,EAA54,ESA,75,150
661,EAA54/56,ESA,75,200
662,EAA55,ESA,100,175
663,EAA55,ESBII,,
664,EAA56,ESA,150,200
665,EAA56,ESBII,,
666,EAA57,ESA,100,150
667,EAA57,ESBII,,
668,EAA57/59,ESA,100,150
669,EAA57/60A-B,ESA,100,200
670,EAA57-59,ESA,100,150
671,EAA57-60B,ESA,100,200
672,EAA58,ESA,100,150
673,EAA58,ESBII,50,125
674,EAA58 early,ESBII,50,75
675,EAA58 late,ESBII,75,125
676,EAA59,ESA,100,150
677,EAA59,ESBII,,
678,EAA5A,ESA,-125,25
679,EAA5A-B,ESA,-125,25
680,EAA5B,ESA,-125,25
681,EAA6,ESA,-125,-50
682,EAA6,ESBI,25,50
683,EAA60,ESBII,50,150
684,EAA60 early,ESBII,50,90
685,EAA60 late,ESBII,80,150
686,EAA60A,ESA,100,150
687,EAA60A-B,ESA,100,200
688,EAA60B,ESA,100,200
689,EAA61,ESA,100,125
690,EAA61,ESBII,,
691,EAA62,ESA,90,120
692,EAA62A,ESBII,70,120
693,EAA62B,ESBII,70,120
694,EAA63,ESA,,
695,EAA63,ESBII,70,120
696,EAA64,ESA,,
697,EAA64B,ESBII,,
698,EAA65,ESA,80,120
699,EAA65,ESBII,50,80
700,EAA66,ESBII,,
701,EAA6-7,ESBI,25,50
702,EAA68,ESBII,,
703,EAA7,ESA,-50,-1
704,EAA7,ESBI,25,50
705,EAA70,ESBII,50,125
706,EAA70 early,ESBII,50,75
707,EAA70 late,ESBII,75,125
708,EAA71,ESBII,70,120
709,EAA72,ESBII,50,75
710,EAA73,ESBII,,
711,EAA74A,ESBII,70,120
712,EAA74A-B,ESBII,70,120
713,EAA74B,ESBII,70,120
714,EAA75,ESBII,,
715,EAA76A,ESBII,50,100
716,EAA76A-B,ESBII,50,150
717,EAA76B,ESBII,100,150
718,EAA77,ESBII,100,150
719,EAA78,ESBII,100,150
720,EAA79,ESBII,75,125
721,EAA8,ESA,-50,-1
722,EAA8,ESBI,25,75
723,EAA80,ESBII,80,150
724,EAA9,ESA,-50,-25
725,EAA9,ESBI,25,50
726,EAA9-10,ESA,-50,-25
727,EAA9-11,ESA,-50,-1
728,EAAL1,ESC/Candarli,25,100
729,EAAL15,ESC/Candarli,25,100
730,EAAL19,ESC/Candarli,75,125
731,EAAL20,ESC/Candarli,25,100
732,EAAL26A,ESC/Candarli,25,100
733,EAAL26B,ESC/Candarli,100,150
734,EAAL28,ESC/Candarli,100,150
735,EAAL6,ESC/Candarli,25,100
736,EAAL9,ESC/Candarli,1,200
737,EAAL9A,ESC/Candarli,1,100
738,EAAP1,ESD,-100,-1
739,EAAP10,ESD,1,75
740,EAAP10/P11,ESD,1,150
741,EAAP11,ESD,50,150
742,EAAP11/P12,ESD,50,150
743,EAAP12,ESD,50,150
744,EAAP14,ESD,-100,-1
745,EAAP15,ESD,-100,-75
746,EAAP17,ESD,-100,-25
747,EAAP18A,ESD,-100,-1
748,EAAP18A-B,ESD,-100,-1
749,EAAP18B,ESD,-100,-1
750,EAAP19,ESD,1,100
751,EAAP2,ESD,-100,-1
752,EAAP20,ESD,-100,-75
753,EAAP21,ESD,-100,-25
754,EAAP22A,ESD,-25,25
755,EAAP22A-B,ESD,,
756,EAAP22B,ESD,75,120
757,EAAP23B,ESD,1,25
758,EAAP24,ESD,1,25
759,EAAP25,ESD,1,25
760,EAAP26,ESD,25,100
761,EAAP27,ESD,,
762,EAAP27-28,ESD,,
763,EAAP28,ESD,1,100
764,EAAP29,ESD,100,150
765,EAAP3,ESD,-27,14
766,EAAP30A-B,ESD,100,150
767,EAAP31A,ESD,100,200
768,EAAP31B,ESD,100,200
769,EAAP33,ESD,-75,-25
770,EAAP33-34,ESD,-100,-1
771,EAAP34,ESD,-100,-1
772,EAAP36,ESD,-75,-25
773,EAAP37/P40,ESD,,
774,EAAP37A,ESD,-100,25
775,EAAP37A-B,ESD,-100,25
776,EAAP37B,ESD,-100,25
777,EAAP40,ESD,90,150
778,EAAP41,ESD,100,200
779,EAAP42,ESD,175,300
780,EAAP43,ESD,,
781,EAAP44,ESD,-75,-25
782,EAAP44/X45,ESD,-75,14
783,EAAP47,ESD,-75,-25
784,EAAP48,ESD,-75,-25
785,EAAP49,ESD,-75,-1
786,EAAP4A,ESD,-27,14
787,EAAP4B,ESD,1,75
788,EAAP4B/P6,ESD,1,75
789,EAAP5,ESD,1,75
790,EAAP5/P6,ESD,1,75
791,EAAP50,ESD,1,25
792,EAAP54,ESD,70,100
793,EAAP6,ESD,1,75
794,EAAP6/P4B,ESD,1,75
795,EAAP7,ESD,1,25
796,EAAP7/P8,ESD,1,25
797,EAAP8,ESD,1,25
798,EAAP9,ESD,25,75
799,EAArara-a,ESA,-100,-75
800,EAArara-b,ESA,,
801,EAArara-c,ESA,,
802,EAArara-d,ESA,,
803,EAArara-e,ESA,,
804,EAArara-f,ESA,,
805,EAArara-i,ESA,,
806,EAArara-j,ESA,,
807,EAAtarda-a,ESA,175,200
808,EAAtarda-b,ESA,175,200
809,EAAtarda-c,ESA,175,200
810,EAAtarda-d,ESA,175,200
811,EAAtarda-e,ESA,175,200
812,EAAtarda-e/f,ESA,175,200
813,EAAtarda-f,ESA,175,200
814,EAAtarda-g,ESA,175,200
815,EAAtarda-h,ESA,175,200
816,EAAX38,ESD,,
817,EAAX39,ESD,,
818,EAAX51,ESD,,
819,EAAX58,ESD,,
820,LRP,ARSW,,
821,LRP,ARSW-A,,
822,LRP,ARSW-C,,
823,LRP,ARSW-D,,
824,LRP,Candarli,,
825,LRP,CRSW,,
826,LRP,ERSW-A,,
827,LRP,PRSW,,
828,LRP1,Candarli,125,275
829,LRP1,CRSW,375,475
830,LRP1 early,Candarli,125,200
831,LRP1 late,Candarli,200,275
832,LRP1/2,Candarli,100,275
833,LRP10,CRSW,625,675
834,LRP100,ARSW,575,625
835,LRP100-101,ARSW,525,625
836,LRP101,ARSW,525,600
837,LRP102,ARSW,575,625
838,LRP103-104,ARSW,500,625
839,LRP103A,ARSW,500,575
840,LRP103A-B,ARSW,500,575
841,LRP103B,ARSW,500,575
842,LRP104-105,ARSW,530,660
843,LRP104A,ARSW,530,580
844,LRP104A,ARSW-D,530,580
845,LRP104A-B,ARSW,530,600
846,LRP104A-C,ARSW,530,625
847,LRP104B,ARSW,570,600
848,LRP104B/105,ARSW,570,660
849,LRP104B-C,ARSW,550,625
850,LRP104C,ARSW,550,625
851,LRP104C,ARSW-D,550,625
852,LRP105,ARSW,580,660
853,LRP105,ARSW-D,580,660
854,LRP105/106,ARSW,580,660
855,LRP105-106,ARSW,580,660
856,LRP106,ARSW,600,660
857,LRP107,ARSW,600,650
858,LRP108,ARSW,600,625
859,LRP109,ARSW,610,700
860,LRP109,ARSW-D,610,700
861,LRP10A,ARSW,100,200
862,LRP10A,PRSW,575,625
863,LRP10A-B,ARSW,100,200
864,LRP10A-B,PRSW,575,625
865,LRP10A-Bvar,PRSW,575,625
866,LRP10A-C,PRSW,575,675
867,LRP10B,ARSW,100,200
868,LRP10B,PRSW,575,625
869,LRP10B-C,PRSW,575,675
870,LRP10C,PRSW,600,675
871,LRP11,ARSW,100,200
872,LRP11,CRSW,550,650
873,LRP110,ARSW,400,525
874,LRP12,ARSW,100,200
875,LRP12,CRSW,625,675
876,LRP12/102,ARSW,400,525
877,LRP126,ARSW,100,200
878,LRP134,ARSW,,
879,LRP135-139,ARSW,,
880,LRP136,ARSW,,
881,LRP137,ARSW,,
882,LRP14-16,ARSW,125,275
883,LRP14-17,ARSW,125,275
884,LRP147,ARSW,,
885,LRP14A,ARSW,125,175
886,LRP14A-B,ARSW,125,200
887,LRP14B,ARSW,160,200
888,LRP14C,ARSW,,
889,LRP15,ARSW,200,275
890,LRP16,ARSW,150,200
891,LRP160,ARSW-A,135,235
892,LRP161,ARSW,75,125
893,LRP16-17,ARSW,150,200
894,LRP17,ARSW,150,200
895,LRP17/27var,ARSW,150,220
896,LRP171,ARSW,,
897,LRP18,ARSW,200,225
898,LRP181,ARSW,150,250
899,LRP182,ARSW,150,250
900,LRP184,ARSW,100,300
901,LRP185,ARSW,150,250
902,LRP19,ARSW,75,125
903,LRP19 & 20/23,ARSW,75,225
904,LRP19/23A,ARSW,75,175
905,LRP190,ARSW,,
906,LRP194,ARSW,50,100
907,LRP195,ARSW,,
908,LRP195 Late,ARSW,,
909,LRP196 Late,ARSW,,
910,LRP196A,ARSW,125,275
911,LRP196A-B,ARSW,125,275
912,LRP197,ARSW,175,275
913,LRP197 Late,ARSW,,
914,LRP198,ARSW,1,100
915,LRP1A,PRSW,375,425
916,LRP1A-B,PRSW,375,475
917,LRP1A-D,PRSW,375,475
918,LRP1B,PRSW,400,475
919,LRP1C,PRSW,400,450
920,LRP1D,PRSW,400,475
921,LRP1D/2B,PRSW,370,475
922,LRP2,Candarli,100,200
923,LRP2,CRSW,475,525
924,LRP20,ARSW,75,125
925,LRP22,ARSW,100,175
926,LRP23/27,ARSW,100,225
927,LRP23A,ARSW,100,175
928,LRP23A-B,ARSW,100,225
929,LRP23B,ARSW,125,225
930,LRP24,ARSW,175,225
931,LRP26,ARSW,150,200
932,LRP26 Late,ARSW,375,450
933,LRP27,ARSW,160,220
934,LRP27/181,ARSW,150,250
935,LRP27/31,ARSW,160,275
936,LRP27/42,ARSW,160,250
937,LRP27-30,ARSW,160,250
938,LRP28,ARSW,200,225
939,LRP29,ARSW,200,225
940,LRP2A,PRSW,370,425
941,LRP2A-B,PRSW,370,425
942,LRP2A-C,PRSW,325,425
943,LRP2B,PRSW,370,425
944,LRP2C,PRSW,325,400
945,LRP3,Candarli,100,300
946,LRP3,CRSW,450,550
947,LRP30,ARSW,200,250
948,LRP31,ARSW,200,275
949,LRP31-32,ARSW,200,275
950,LRP32,ARSW,200,275
951,LRP32/58,ARSW,275,325
952,LRP33,ARSW,200,250
953,LRP34,ARSW,175,225
954,LRP36,ARSW,,
955,LRP3A,ARSW,60,90
956,LRP3A,PRSW,400,450
957,LRP3A-B,ARSW,60,150
958,LRP3A-C,ARSW,60,175
959,LRP3A-E,PRSW,400,525
960,LRP3A-H,PRSW,400,600
961,LRP3B,ARSW,75,150
962,LRP3B,PRSW,425,500
963,LRP3B-C,PRSW,425,500
964,LRP3B-F,PRSW,425,550
965,LRP3C,ARSW,100,175
966,LRP3C,PRSW,425,500
967,LRP3C/3F,PRSW,425,550
968,LRP3C-D,PRSW,425,500
969,LRP3C-E,PRSW,425,525
970,LRP3C-G,PRSW,425,550
971,LRP3D,PRSW,475,500
972,LRP3D/F,PRSW,475,550
973,LRP3D-E,PRSW,475,525
974,LRP3D-F,PRSW,475,550
975,LRP3E,PRSW,475,525
976,LRP3E/H,PRSW,475,600
977,LRP3E-F,PRSW,475,550
978,LRP3F,PRSW,500,550
979,LRP3F/G,PRSW,500,550
980,LRP3F/H,PRSW,500,600
981,LRP3F-G,PRSW,500,550
982,LRP3F-H,PRSW,500,600
983,LRP3F-VARg,PRSW,,
984,LRP3G,PRSW,500,550
985,LRP3G/H,PRSW,500,600
986,LRP3H,PRSW,525,600
987,LRP3H/10A,PRSW,525,625
988,LRP4,Candarli,175,300
989,LRP4,CRSW,400,500
990,LRP4,PRSW,425,450
991,LRP42,ARSW,220,250
992,LRP44,ARSW,220,300
993,LRP45A,ARSW,230,320
994,LRP45A,ARSW-C,230,320
995,LRP45A-B,ARSW,230,320
996,LRP45B,ARSW,230,320
997,LRP45B,ARSW-C,230,320
998,LRP45B/60,ARSW,230,400
999,LRP45C,ARSW,300,375
1000,LRP46,ARSW,275,325
1001,LRP48A,ARSW,220,270
1002,LRP48A-B,ARSW,220,320
1003,LRP48B,ARSW,260,320
1004,LRP49,ARSW,230,300
1005,LRP49var,ARSW,230,325
1006,LRP4A,ARSW,75,125
1007,LRP4A/5A,ARSW,69,125
1008,LRP4A-B,ARSW,75,175
1009,LRP4B,ARSW,125,175
1010,LRP5,Candarli,200,250
1011,LRP5,CRSW,525,600
1012,LRP50A,ARSW,230,325
1013,LRP50A,ARSW-C,230,325
1014,LRP50A (B),ARSW,300,360
1015,LRP50A-B,ARSW,230,400
1016,LRP50B,ARSW,350,400
1017,LRP50B/64,ARSW,400,500
1018,LRP51A-B,ARSW,300,325
1019,LRP52/72,ARSW,280,425
1020,LRP52A,ARSW,300,350
1021,LRP52A-B,ARSW,280,400
1022,LRP52B,ARSW,280,400
1023,LRP52B,ARSW-C,280,400
1024,LRP53A,ARSW,350,430
1025,LRP53A,ARSW-C,350,430
1026,LRP53A-B,ARSW,350,430
1027,LRP53A-B,ARSW-C,350,430
1028,LRP53B,ARSW,370,430
1029,LRP54,ARSW,325,400
1030,LRP55,ARSW,400,450
1031,LRP56,ARSW,360,430
1032,LRP57,ARSW,325,400
1033,LRP57/58,ARSW,290,400
1034,LRP57-58,ARSW,290,400
1035,LRP58A,ARSW,290,375
1036,LRP58A-B,ARSW,290,375
1037,LRP58A-B/59A-B,ARSW,290,420
1038,LRP58B,ARSW,290,375
1039,LRP59A,ARSW,320,400
1040,LRP59A-B,ARSW,320,420
1041,LRP59A-B/61A-B,ARSW,320,450
1042,LRP59B,ARSW,320,420
1043,LRP59B,ARSW-D,320,420
1044,LRP5A,ARSW,69,96
1045,LRP5A,PRSW,460,500
1046,LRP5B,PRSW,500,550
1047,LRP6,CRSW,500,600
1048,LRP6,PRSW,500,525
1049,LRP60,ARSW,325,400
1050,LRP60,ARSW-D,325,400
1051,LRP61A,ARSW,325,375
1052,LRP61A,ARSW-D,325,375
1053,LRP61A-B,ARSW,325,450
1054,LRP61B,ARSW,375,450
1055,LRP61B,ARSW-D,375,450
1056,LRP61B/87,ARSW,375,525
1057,LRP61B/87A,ARSW,375,500
1058,LRP62A-B,ARSW,350,425
1059,LRP62B,ARSW,350,425
1060,LRP63,ARSW,375,400
1061,LRP64,ARSW,400,475
1062,LRP65,ARSW,300,400
1063,LRP67,ARSW,360,470
1064,LRP67,ARSW-D,360,470
1065,LRP67/71,ARSW,360,470
1066,LRP67-73,ARSW,360,475
1067,LRP67var,ARSW,360,470
1068,LRP68,ARSW,370,425
1069,LRP68,ARSW-C/E,370,425
1070,LRP69,ARSW,425,450
1071,LRP69-77,ARSW,375,500
1072,LRP6A/B,ARSW,75,200
1073,LRP6B-C,ARSW,125,175
1074,LRP6C,ARSW,,
1075,LRP7,CRSW,550,625
1076,LRP7,PRSW,475,525
1077,LRP7/8A/9A,ARSW,69,175
1078,LRP70,ARSW,400,450
1079,LRP71A,ARSW,375,420
1080,LRP71B,ARSW,375,420
1081,LRP72A-B,ARSW,400,425
1082,LRP72B,ARSW,400,425
1083,LRP73A,ARSW,420,475
1084,LRP73A-B,ARSW,420,475
1085,LRP73B,ARSW,420,475
1086,LRP74,ARSW,450,475
1087,LRP75,ARSW,420,450
1088,LRP76A,ARSW,425,475
1089,LRP76A-B,ARSW,425,475
1090,LRP76B,ARSW,400,425
1091,LRP77,ARSW,400,500
1092,LRP78,ARSW,400,500
1093,LRP7A-B,ARSW,69,175
1094,LRP7B,ARSW,100,175
1095,LRP7C,ARSW,,
1096,LRP8,CRSW,500,600
1097,LRP8,PRSW,450,500
1098,LRP80-81,ARSW,425,500
1099,LRP80A,ARSW,425,500
1100,LRP80A,ARSW-D,425,500
1101,LRP80B,ARSW,425,500
1102,LRP80B/99,ARSW,,
1103,LRP81A-B,ARSW,450,500
1104,LRP81B,ARSW,450,500
1105,LRP81B,ARSW-D,450,500
1106,LRP82/84,ARSW,430,500
1107,LRP82-84,ARSW,420,500
1108,LRP82A,ARSW,430,475
1109,LRP82A-B,ARSW,430,500
1110,LRP82B,ARSW,460,500
1111,LRP83,ARSW,420,460
1112,LRP83-84,ARSW,420,500
1113,LRP83-84,ARSW-C,420,500
1114,LRP84,ARSW,440,500
1115,LRP84,ARSW-C,440,500
1116,LRP85A,ARSW,425,475
1117,LRP85B,ARSW,450,500
1118,LRP86,ARSW,475,525
1119,LRP87A,ARSW,450,500
1120,LRP87A-C,ARSW,450,525
1121,LRP87B,ARSW,500,525
1122,LRP87B-C,ARSW,500,525
1123,LRP87C,ARSW,500,525
1124,LRP88,ARSW,500,525
1125,LRP89A-B,ARSW,400,525
1126,LRP89B,ARSW,425,525
1127,LRP8A,ARSW,80,180
1128,LRP8A-B,ARSW,80,220
1129,LRP8B,ARSW,150,220
1130,LRP9,PRSW,520,600
1131,LRP90A,ARSW,475,525
1132,LRP90A,ARSW-C,475,525
1133,LRP90A-B,ARSW,475,600
1134,LRP90B,ARSW,550,600
1135,LRP9-10,CRSW,550,700
1136,LRP91A,ARSW,375,450
1137,LRP91A-B,ARSW,425,530
1138,LRP91A-C,ARSW,425,600
1139,LRP91A-D,ARSW,425,650
1140,LRP91B,ARSW,400,455
1141,LRP91B/C,ARSW,500,525
1142,LRP91B-C,ARSW,450,600
1143,LRP91C,ARSW,530,600
1144,LRP91C-D,ARSW,530,650
1145,LRP91D,ARSW,600,650
1146,LRP92,ARSW,425,475
1147,LRP93A,ARSW,375,455
1148,LRP93A-B,ARSW,375,455
1149,LRP93B,ARSW,375,455
1150,LRP94A,ARSW,475,525
1151,LRP94A-B,ARSW,475,525
1152,LRP94B,ARSW,475,525
1153,LRP95,ARSW,500,550
1154,LRP96,ARSW,490,540
1155,LRP96/97/99A,ARSW,490,550
1156,LRP97,ARSW,490,550
1157,LRP98,ARSW,500,525
1158,LRP99A,ARSW,510,540
1159,LRP99A/B,ARSW,510,580
1160,LRP99A-B,ARSW,510,580
1161,LRP99A-C,ARSW,510,620
1162,LRP99B,ARSW,530,580
1163,LRP99B,ARSW-D,530,580
1164,LRP99B/C,ARSW,530,620
1165,LRP99B-C,ARSW,530,620
1166,LRP99C,ARSW,560,620
1167,LRP9A,ARSW,100,180
1168,LRP9A,CRSW,550,600
1169,LRP9A-B,CRSW,550,700
1170,LRP9A-C,CRSW,550,700
1171,LRP9B,ARSW,150,220
1172,LRP9B,CRSW,580,700
1173,LRP9B-10,CRSW,580,700
1174,LRP9B-C,CRSW,580,700
1175,LRP9C,CRSW,580,700
1176,LRP9C/10,CRSW,580,700
1177,LRP9C-10,CRSW,580,700
1178,LRPK1,CRSW,375,475
1179,LRPK3,CRSW,530,670
1180,M-S,ESC,,
1181,M-S/LRP,ESC/Candarli,,
1182,M-SA1c,ESC,-100,-1
1183,M-SB3,ESC,-125,-25
1184,M-SB6,ESC,-200,-25
1185,M-SB8,ESC,-100,25
1186,M-SB9,ESC,1,200
1187,M-SK1,ESC,-150,-50
1188,M-SK2,ESC,-125,-100
1189,M-SK3,ESC,-50,75
1190,M-SK5,ESC,1,50
1191,M-SKg1,ESC,-75,75
1192,M-SKg2,ESC,-100,75
1193,M-SKr10,ESC,-125,-1
1194,M-SKr6,ESC,-25,75
1195,M-SN1,ESC,-175,25
1196,M-SN11a,ESC,-25,175
1197,M-SN12,ESC,-100,75
1198,M-SN12-13,ESC,-100,75
1199,M-SN13,ESC,1,50
1200,M-SN15c,ESC,-25,100
1201,M-SN2,ESC,-100,75
1202,M-SN20/N40,ESC,-50,75
1203,M-SN21,ESC,-75,14
1204,M-SN25,ESC,1,100
1205,M-SN3,ESC,-75,100
1206,M-SN33a,ESC,-75,100
1207,M-SN33a-d,ESC,-75,150
1208,M-SN33b,ESC,-25,25
1209,M-SN33c,ESC,25,50
1210,M-SN33d,ESC,25,150
1211,M-SN34,ESC,-75,125
1212,M-SN36,ESC,-75,75
1213,M-SN37,ESC,-50,25
1214,M-SN39a,ESC,-75,100
1215,M-SN39a-d,ESC,-75,75
1216,M-SN39b,ESC,-75,75
1217,M-SN39c,ESC,25,50
1218,M-SN39d,ESC,25,150
1219,M-SN40,ESC,-25,75
1220,M-SN43,ESC,-25,75
1221,M-SN4b,ESC,-75,75
1222,M-SN7,ESC,-75,25
1223,M-SN8,ESC,-25,75
1224,M-SS1,ESC,-175,25
1225,M-SS2,ESC,-200,25
1226,M-SS3,ESC,-75,25
1227,M-SS5,ESC,-25,75
1228,M-SS6,ESC,-150,-50
1229,M-SS7,ESC,-175,-25
1230,M-SS8,ESC,-125,-25
1231,M-SSa10,ESC,-125,-25
1232,M-SSa12,ESC,-50,75
1233,M-SSa13a,ESC,-25,75
1234,M-SSa14a,ESC,-100,200
1235,M-SSa14b,ESC,1,125
1236,M-SSa15,ESC,-25,50
1237,M-SSa16,ESC,1,200
1238,M-SSa17a,ESC,1,125
1239,M-SSa2,ESC,-75,100
1240,M-SSa20,ESC,1,200
1241,M-SSa21,ESC,1,75
1242,M-SSa22,ESC,50,175
1243,M-SSa25,ESC,-25,75
1244,M-SSa26,ESC,-25,100
1245,M-SSa27a,ESC,50,175
1246,M-SSa27a-c,ESC,50,200
1247,M-SSa27b,ESC,50,175
1248,M-SSa27c,ESC,50,200
1249,M-SSa3,ESC,-50,75
1250,M-SSa30,ESC,-50,-1
1251,M-SSa31,ESC,-25,75
1252,M-SSa4,ESC,-25,75
1253,M-SSu10,ESC,-50,50
1254,M-SSu13,ESC,1,100
1255,M-SSu14,ESC,1,200
1256,M-SSu15,ESC,1,200
1257,M-SSu16,ESC,1,200
1258,M-SSu18,ESC,25,200
1259,M-SSu19a,ESC,-75,100
1260,M-SSu19a-b,ESC,-75,75
1261,M-SSu21,ESC,-50,175
1262,M-SSu22a,ESC,75,300
1263,M-SSu23a-b,ESC,-125,25
1264,M-SSu25,ESC,-75,25
1265,M-SSu5,ESC,-75,125
1266,M-SSu9,ESC,-25,175
1267,M-ST16,ESC,-75,75
1268,M-ST17,ESC,-75,75
1269,M-ST2,ESC,-125,25
1270,M-ST20,ESC,-25,125
1271,M-ST22,ESC,1,100
1272,M-ST23,ESC,25,150
1273,M-ST23,ESC/Candarli,25,150
1274,M-ST24b,ESC,40,200
1275,M-ST26,ESC,100,200
1276,M-ST27,ESC,-125,-25
1277,M-ST3,ESC,-75,125
1278,M-ST30,ESC,-75,75
1279,M-ST31a,ESC,-75,75
1280,M-ST31a-e,ESC,-75,75
1281,M-ST31b,ESC,-75,75
1282,M-ST31c,ESC,-75,75
1283,M-ST31d,ESC,-75,75
1284,M-ST34,ESC,-25,75
1285,M-ST35,ESC,-25,75
1286,M-ST36,ESC,-25,75
1287,M-ST4,ESC,-75,100
1288,M-ST6,ESC,-75,75
1289,M-ST8a,ESC,-25,175
1290,M-STs1b,ESC,-75,33
1291,M-STs1c,ESC,-75,-25
1292,M-STs3,ESC,-75,50
1293,SRSW,SRSW,,
1294,SRSW-1A143,SRSW,300,650
1295,SRSW-1A150,SRSW,-25,300
1296,SRSW-1A161,SRSW,-25,375
1297,SRSW-1B162,SRSW,-25,300
1298,SRSW-1B191,SRSW,-25,375
1299,SRSW-1C120,SRSW,-25,300
1300,SRSW-1C132,SRSW,-25,300
1301,SRSW-1C170,SRSW,-25,375
1302,SRSW-1F150,SRSW,-25,375
1303,WELL FORM,CRSW,600,700
1304,EAA,Candarli,,
1305,?,Fine Byzantine Ware,,
1306,d,Fine Byzantine Ware,,
1307,_,Fine Byzantine Ware,,
1308,e,Fine Byzantine Ware,,
1309,?,Fine Byzantine Ware,,
1310,?,Fine Byzantine Ware,,
1311,?,Fine Byzantine Ware,,
1312,Lamboglia 36,Campana A,-200,-100
1313,EAA2-3,ESA,-200,-1
1314,EAA22/43,ESA,-125,14
1315,EAA21/22,ESA,-27,14
1316,EAA35/40,ESA,40,120
1317,EAA58/60,ESA,100,200
1318,EAA18/59,ESBI,,
1319,EAA64/65,ESBII,50,80
1320,Consp11/12,ITS,-10,14
1321,Consp11/12/18,ITS,-10,37
1322,Consp18/20,ITS,-27,96
1323,Consp3.2-3,ITS,50,125
1325,Consp22.1.3,ITS,,
1326,Consp32/33,ITS,-10,125
1327,Consp27/33,ITS,-14,125
1328,Consp26/33,ITS,-10,125
1329,Consp39,ITS,,
1330,ConspR2.2.1,ITS,,
1331,Drag29,Gaulish Sigillata-La Graufesenque,,
1332,Drag37,Gaulish Sigillata-La Graufesenque,,
1333,Drag37,"Gaulish Sigillata, South Gaulish",,
1334,Drag30/37,Gaulish Sigillata,,
1335,Drag30/37,"Gaulish Sigillata, South Gaulish",,
1336,Drag37,"Gaulish Sigillata, Banassac?",,
1337,Drag37,"Gaulish Sigillata, Central Gaulish?",,
1338,Drag18,Gaulish Sigillata,,
1339,Drag27,Gaulish Sigillata,,
1340,LRP32/44,ARSW,200,275
1341,LRP48B/55?,ARSW,260,450
1342,LRP62A,ARSW,,
1343,LRP65?,ARSW,300,400
1344,LRP66,ARSW,,
1345,LRP71/72,ARSW,375,425
1346,LRP70/74,ARSW,400,475
1347,LRP89/90,ARSW,400,600
1348,LRP172/174,ARSW,,
1349,LRP1 early,PRSW,,
1350,LRP1,PRSW,,
1351,LRP2A-D,PRSW,,
1352,LRP2D,PRSW,,
1353,LRP5A-B,PRSW,460,550
1354,M-SS9,ESC,-125,
1355,M-ST28,ESC,-200,-25
1356,Lamboglia 6,Campana A,-200,-100
1357,Lamboglia 23,Campana A,-150,-100
1358,Lamboglia 25,Campana A,-200,-150
1359,Lamboglia 27b,Campana A,-200,-150
1360,Lamboglia 27c,Campana A,-200,-150
1361,Lamboglia 28a,Campana A,-190,-100
1362,Lamboglia 31,Campana A,-190,-100
1363,Lamboglia 55,Campana A,-200,-100
1367,TA 1,BSP-ESA,,
1368,TA 2,BSP-ESA,,
1369,TA 6,BSP-ESA,,
1370,TA 7,BSP-ESA,,
1371,TA 14b,BSP-ESA,,
1372,TA 24,BSP-ESA,,
1373,TA 25a,BSP-ESA,,
1374,TA 29,BSP-ESA,,
1375,TA 30b,BSP-ESA,,
1376,TA 18,BSP-ESA,,
1377,TA 13e,BSP-ESA,,
1379,TA 13b,BSP-ESA,,
1380,TA 15,BSP-ESA,,
1381,Jehasse 23/36,Cypriot,,
1382,TA 13c,BSP-ESA,,
1383,TA 31,BSP-ESA,,
1384,TA 27b,BSP-ESA,,
1385,TA 26,BSP-ESA,,
1386,TA 4,BSP-ESA,,
1387,TA 13a,BSP-ESA,,
1388,Jehasse 43C,Cypriot,,
1389,Jehasse 23,Cypriot,-300,-200
1390,TA 16,BSP-ESA,,
1391,SRSW-1B190,SRSW,,
1392,M-SSa5,ESC,-25,175
1393,TA 13,BSP-ESA,,
1394,LRPMEYZA 1/2,CRSW,,
1395,ConspB2.8,ITS,-15,50
1396,ConspB1.8,ITS,-15,40
1397,ConspR10.1,ITS,14,37
1398,EAA I,Pontic Sigillata,25,125
1399,EAA III,Pontic Sigillata,75,125
1400,M-SN30,ESC,1,200
1401,M-SN11,ESC,-25,175
1405,EAA62A-B,ESBII,70,120